features,C,class_weight,val_macro_f1,val_accuracy,fit_seconds
word+char,0.3,none,0.6414675004193663,0.63709336713139,6.05
char,0.3,balanced,0.639531773903334,0.639205745669624,3.54
char,1.0,none,0.6385932332305323,0.6341360371778623,5.64
char,1.0,balanced,0.6351691968395767,0.6328686100549218,5.88
word+char,0.1,none,0.6335701615824277,0.6294888043937473,4.71
char,0.3,none,0.6330768429570907,0.628221377270807,5.21
word+char,0.3,balanced,0.6321079515999033,0.6316011829319814,7.1
word+char,1.0,none,0.6314529790311688,0.6269539501478665,9.64
word+char,1.0,balanced,0.6294855244579821,0.6269539501478665,7.98
word,1.0,none,0.6236140141599025,0.6193493874102239,1.4
char,3.0,none,0.621989853220247,0.6176594845796367,8.1
char,3.0,balanced,0.619550116984939,0.6163920574566962,9.06
word,0.3,none,0.6174343316609661,0.6130122517955218,1.21
char,0.1,none,0.6167892109990274,0.6130122517955218,2.98
char,0.1,balanced,0.6155244914685029,0.6193493874102239,3.89
word+char,3.0,none,0.6147823262340025,0.6100549218419941,10.97
word+char,0.1,balanced,0.6145153198090701,0.6180819602872835,4.41
word,1.0,balanced,0.6134598271497351,0.6130122517955218,1.33
word,3.0,balanced,0.6114007691380268,0.6092099704267004,1.53
word,3.0,none,0.6111640088940912,0.6066751161808196,2.03
word+char,3.0,balanced,0.6099871321390985,0.6062526404731728,12.95
word,0.1,none,0.6067692233125088,0.6020278833967047,0.88
word,0.3,balanced,0.6018331145902227,0.605830164765526,1.06
word+char,10.0,none,0.6001205919662888,0.5956907477820025,12.61
word+char,10.0,balanced,0.6001147891840642,0.5961132234896493,14.1
char,10.0,none,0.5996267853735303,0.5952682720743557,8.21
char,10.0,balanced,0.5971165229156097,0.5931558935361216,8.06
word,10.0,balanced,0.5903952608538413,0.5872412336290663,1.6
word,10.0,none,0.5874372439405907,0.5830164765525983,2.1
word,0.1,balanced,0.5775816625844598,0.5893536121673004,0.65
